商品名称,类别
wmq1UnOfgH,0
B4nG0C6Qrk,1
IWXeAmG9Vw,2
p8zbktxNQ5,3
fuX8nmq0LW,4
uIbOoRUs5c,5
SksXA0NRLq,6
pAlLJ7iNqb,7
0t4xjsmrT5,8
aZfDHSQgcM,9
D4JrtUlZi5,10
oTpymKf1h8,11
Xt6q5hvlgd,12
lqRmo21BbJ,13
yLWn7BvHVh,14
e7RjSh9LQl,15
lTLN7Z21Q4,16
5XQpxTDEwJ,17
JV36dIcUCi,18
UmCzOJtiDB,19
7TsprnaXZC,20
7SuVgNx0hb,21
W7wJLgeYpy,22
gQpH4a0Cr9,23
bhxK9rkWOI,24
mcK976WFD0,25
LoIFtNXMap,26
7bLON6Daxy,27
G2VfTl1NgO,28
75igxrERXn,29
oWxL1wZE6b,30
rsoRbFJz8c,31
gYPiXEkS9I,32
WZghmJCDSv,33
eR9MokfsYz,34
0njblWHdDh,35
mh8cZalEye,36
31TOo9DxNr,37
q7hxC6eViH,38
x8ZWCc3gqd,39
SMdk7IgUcl,40
6czTw1oH2S,41
vWLloXmhZr,42
oZ8hdy5YuE,43
OLZN2h5FAW,44
IRr8HJuEgp,45
WPg34nTesG,46
Ayx5MJKci1,47
o3By9swVf2,48
Wm2etIc3Ld,49
1VnhpJO5r3,50
XDn615rbyK,51
0RiBUegEFZ,52
6rToAOczNF,53
GLfAdxgsBJ,54
E0cA4vW8Bu,55
wRvT1UkOyA,56
vReTVB72lr,57
WuetY89LoM,58
l8wNDObTMK,59
GtPWX2UEpv,60
t3lS5h9fMB,61
fQbypX7VzL,62
dUTgxI7RZL,63
u4bkfRrWVt,64
RgF5WZ7fQy,65
6s0cQGA9gu,66
oMSmezcZK8,67
sqrmKxtf2j,68
bODNUW6IuH,69
7nAg1RvzFO,70
gFtIPDovU4,71
ES72wPUCfh,72
OeoqIitK6N,73
lD76uU9AXG,74
zqJAhNv5eV,75
RcMamhqpd2,76
ZLj3bmpAG6,77
MX50hHExSF,78
U3cbuDGZLW,79
RiEJ3fXu95,80
on13QLNIvM,81
GTHodZrMWB,82
VK8Ft3POTZ,83
f0zNQvsXJc,84
aLfjEu5ixW,85
EljMUL5GJW,86
02pdSKthPl,87
V42pKyEdAm,88
qTk6ISwv3L,89
BAdtaprsXE,90
0rMoF4LAeW,91
eQ3yvJx8zb,92
j9OVFEmz4H,93
JhBA9ksmfE,94
FTgYBz8shL,95
ldhBtOwGqN,96
QDM8rh0V9o,97
CobWUyc96V,98
yq6MCdnhxv,99
